tahun,nama_provinsi,nama_kabupaten/kota,nama_kecamatan,nama_kelurahan,tidak/belum_sekolah,belum_tamat_sd/sederajat,tamat_sd/sederajat,sltp/sederajat,slta/sederajat,diploma_I/II,akademi/diploma_III/s._muda,diploma_IV/strata I,strata_II,strata_III
2014.0,PROVINSI DKI JAKARTA,KAB.ADM.KEP.SERIBU,KEP. SERIBU UTR,P. PANGGANG,1365.0,571.0,1679.0,874.0,1594.0,27.0,60.0,184.0,4.0,
2014.0,PROVINSI DKI JAKARTA,KAB.ADM.KEP.SERIBU,KEP. SERIBU UTR,P. KELAPA,1297.0,570.0,2179.0,1136.0,1106.0,15.0,38.0,108.0,8.0,
2014.0,PROVINSI DKI JAKARTA,KAB.ADM.KEP.SERIBU,KEP. SERIBU UTR,P. HARAPAN,428.0,193.0,818.0,338.0,401.0,13.0,17.0,32.0,,
2014.0,PROVINSI DKI JAKARTA,KAB.ADM.KEP.SERIBU,KEP. SERIBU SLT,P. UNTUNG JAWA,488.0,197.0,656.0,322.0,446.0,8.0,19.0,44.0,3.0,
2014.0,PROVINSI DKI JAKARTA,KAB.ADM.KEP.SERIBU,KEP. SERIBU SLT,P. TIDUNG,1036.0,458.0,1411.0,792.0,1023.0,54.0,66.0,198.0,4.0,
2014.0,PROVINSI DKI JAKARTA,KAB.ADM.KEP.SERIBU,KEP. SERIBU SLT,P. PARI,520.0,318.0,1139.0,372.0,409.0,9.0,18.0,33.0,3.0,
2014.0,PROVINSI DKI JAKARTA,JAKARTA PUSAT,GAMBIR,GAMBIR,378.0,293.0,266.0,383.0,1445.0,22.0,178.0,412.0,30.0,2.0
2014.0,PROVINSI DKI JAKARTA,JAKARTA PUSAT,GAMBIR,CIDENG,2347.0,1689.0,1042.0,2061.0,7627.0,43.0,783.0,3056.0,216.0,15.0
2014.0,PROVINSI DKI JAKARTA,JAKARTA PUSAT,GAMBIR,PETOJO UTARA,2967.0,2245.0,1748.0,2724.0,9068.0,52.0,790.0,2124.0,153.0,13.0
2014.0,PROVINSI DKI JAKARTA,JAKARTA PUSAT,GAMBIR,PETOJO SELATAN,2255.0,1715.0,1248.0,1872.0,7617.0,67.0,799.0,1858.0,177.0,13.0
2014.0,PROVINSI DKI JAKARTA,JAKARTA PUSAT,GAMBIR,KEBON KELAPA,1552.0,1167.0,1081.0,1681.0,5217.0,26.0,377.0,1099.0,76.0,5.0
2014.0,PROVINSI DKI JAKARTA,JAKARTA PUSAT,GAMBIR,DURI PULO,3957.0,2407.0,2854.0,3591.0,10158.0,74.0,503.0,1562.0,69.0,4.0
2014.0,PROVINSI DKI JAKARTA,JAKARTA PUSAT,SAWAH BESAR,PASAR BARU,1803.0,1328.0,1215.0,2085.0,6093.0,40.0,629.0,2254.0,165.0,13.0
2014.0,PROVINSI DKI JAKARTA,JAKARTA PUSAT,SAWAH BESAR,KARANG ANYAR,4628.0,3292.0,4928.0,6147.0,11728.0,85.0,645.0,1567.0,65.0,3.0
2014.0,PROVINSI DKI JAKARTA,JAKARTA PUSAT,SAWAH BESAR,KARTINI,3665.0,2796.0,3453.0,4383.0,10770.0,61.0,824.0,1856.0,107.0,6.0
2014.0,PROVINSI DKI JAKARTA,JAKARTA PUSAT,SAWAH BESAR,GUNUNG SAHARI UTARA,2311.0,1656.0,1851.0,2636.0,7758.0,61.0,677.0,2597.0,173.0,16.0
2014.0,PROVINSI DKI JAKARTA,JAKARTA PUSAT,SAWAH BESAR,MANGGA DUA SELATAN,5168.0,3224.0,4153.0,6175.0,14097.0,82.0,767.0,1788.0,81.0,10.0
2014.0,PROVINSI DKI JAKARTA,JAKARTA PUSAT,KEMAYORAN,KEMAYORAN,3988.0,2428.0,2379.0,3709.0,10300.0,44.0,672.0,1645.0,56.0,2.0
2014.0,PROVINSI DKI JAKARTA,JAKARTA PUSAT,KEMAYORAN,KEBON KOSONG,5469.0,3211.0,3054.0,3135.0,14046.0,74.0,948.0,2229.0,181.0,18.0
2014.0,PROVINSI DKI JAKARTA,JAKARTA PUSAT,KEMAYORAN,HARAPAN MULIA,3914.0,3013.0,2727.0,2812.0,11278.0,88.0,1065.0,2198.0,143.0,9.0
2014.0,PROVINSI DKI JAKARTA,JAKARTA PUSAT,KEMAYORAN,SERDANG,5825.0,3830.0,2953.0,3888.0,15047.0,159.0,1232.0,2932.0,147.0,6.0
2014.0,PROVINSI DKI JAKARTA,JAKARTA PUSAT,KEMAYORAN,GUNUNG SAHARI SELATAN,3357.0,2372.0,1818.0,3294.0,9631.0,54.0,876.0,2220.0,102.0,7.0
2014.0,PROVINSI DKI JAKARTA,JAKARTA PUSAT,KEMAYORAN,CEMPAKA BARU,5866.0,4377.0,2985.0,4291.0,15476.0,193.0,1732.0,3981.0,267.0,17.0
2014.0,PROVINSI DKI JAKARTA,JAKARTA PUSAT,KEMAYORAN,SUMUR BATU,3841.0,2870.0,2725.0,3099.0,9026.0,130.0,1410.0,4025.0,369.0,19.0
2014.0,PROVINSI DKI JAKARTA,JAKARTA PUSAT,KEMAYORAN,UTAN PANJANG,5452.0,3965.0,3913.0,4860.0,13710.0,80.0,817.0,1581.0,75.0,3.0
2014.0,PROVINSI DKI JAKARTA,JAKARTA PUSAT,SENEN,SENEN,1325.0,759.0,935.0,1234.0,3040.0,21.0,289.0,806.0,97.0,2.0
2014.0,PROVINSI DKI JAKARTA,JAKARTA PUSAT,SENEN,KENARI,1393.0,975.0,734.0,1130.0,4476.0,56.0,616.0,1270.0,124.0,17.0
2014.0,PROVINSI DKI JAKARTA,JAKARTA PUSAT,SENEN,PASEBAN,3971.0,2587.0,2333.0,3250.0,11047.0,133.0,1409.0,3182.0,288.0,31.0
2014.0,PROVINSI DKI JAKARTA,JAKARTA PUSAT,SENEN,KRAMAT,5730.0,2611.0,4818.0,5400.0,13044.0,89.0,1037.0,2286.0,138.0,13.0
2014.0,PROVINSI DKI JAKARTA,JAKARTA PUSAT,SENEN,KWITANG,2703.0,1829.0,2409.0,2451.0,6789.0,59.0,607.0,1514.0,124.0,7.0
2014.0,PROVINSI DKI JAKARTA,JAKARTA PUSAT,SENEN,BUNGUR,3249.0,2108.0,1952.0,2897.0,9588.0,81.0,726.0,1738.0,100.0,6.0
2014.0,PROVINSI DKI JAKARTA,JAKARTA PUSAT,CEMPAKA PUTIH,CEMPAKA PUTIH TIMUR,3754.0,2590.0,1747.0,2863.0,9648.0,110.0,1171.0,5955.0,669.0,57.0
2014.0,PROVINSI DKI JAKARTA,JAKARTA PUSAT,CEMPAKA PUTIH,CEMPAKA PUTIH BARAT,6117.0,4371.0,3008.0,4336.0,15256.0,371.0,2101.0,4715.0,533.0,37.0
2014.0,PROVINSI DKI JAKARTA,JAKARTA PUSAT,CEMPAKA PUTIH,RAWASARI,3629.0,2464.0,1629.0,2269.0,9795.0,156.0,1524.0,3849.0,508.0,42.0
2014.0,PROVINSI DKI JAKARTA,JAKARTA PUSAT,MENTENG,MENTENG,4464.0,2771.0,3029.0,4016.0,10914.0,100.0,964.0,3415.0,423.0,57.0
2014.0,PROVINSI DKI JAKARTA,JAKARTA PUSAT,MENTENG,PEGANGSAAN,3973.0,2859.0,2787.0,3470.0,10436.0,71.0,1099.0,2479.0,248.0,37.0
2014.0,PROVINSI DKI JAKARTA,JAKARTA PUSAT,MENTENG,CIKINI,1354.0,878.0,625.0,1212.0,3740.0,31.0,520.0,1371.0,171.0,12.0
2014.0,PROVINSI DKI JAKARTA,JAKARTA PUSAT,MENTENG,GONDANGDIA,527.0,334.0,137.0,298.0,1274.0,18.0,285.0,1675.0,316.0,37.0
2014.0,PROVINSI DKI JAKARTA,JAKARTA PUSAT,MENTENG,KEBON SIRIH,2243.0,1415.0,1911.0,2160.0,5860.0,58.0,566.0,1324.0,131.0,8.0
2014.0,PROVINSI DKI JAKARTA,JAKARTA PUSAT,TANAH ABANG,GELORA,508.0,344.0,250.0,379.0,1455.0,13.0,176.0,485.0,60.0,7.0
2014.0,PROVINSI DKI JAKARTA,JAKARTA PUSAT,TANAH ABANG,BENDUNGAN HILIR,3088.0,2632.0,2222.0,2820.0,8068.0,119.0,1503.0,4382.0,696.0,35.0
2014.0,PROVINSI DKI JAKARTA,JAKARTA PUSAT,TANAH ABANG,KARET TENGSIN,3241.0,2570.0,2383.0,2908.0,8258.0,128.0,736.0,1795.0,242.0,14.0
2014.0,PROVINSI DKI JAKARTA,JAKARTA PUSAT,TANAH ABANG,PETAMBURAN,7062.0,3861.0,4724.0,5238.0,15506.0,137.0,1053.0,2245.0,175.0,19.0
2014.0,PROVINSI DKI JAKARTA,JAKARTA PUSAT,TANAH ABANG,KEBON MELATI,6712.0,3903.0,4258.0,5186.0,16028.0,161.0,1015.0,2392.0,225.0,13.0
2014.0,PROVINSI DKI JAKARTA,JAKARTA PUSAT,TANAH ABANG,KEBON KACANG,3581.0,2535.0,2491.0,3195.0,9801.0,147.0,1167.0,2815.0,240.0,16.0
2014.0,PROVINSI DKI JAKARTA,JAKARTA PUSAT,TANAH ABANG,KAMPUNG BALI,2307.0,1306.0,1580.0,1903.0,5828.0,40.0,370.0,940.0,52.0,6.0
2014.0,PROVINSI DKI JAKARTA,JAKARTA PUSAT,JOHAR BARU,JOHAR BARU,6687.0,4397.0,4342.0,5183.0,15672.0,231.0,1936.0,4628.0,407.0,26.0
2014.0,PROVINSI DKI JAKARTA,JAKARTA PUSAT,JOHAR BARU,KAMPUNG RAWA,4406.0,2679.0,3594.0,3887.0,9750.0,62.0,631.0,1308.0,71.0,1.0
2014.0,PROVINSI DKI JAKARTA,JAKARTA PUSAT,JOHAR BARU,GALUR,3422.0,2335.0,3044.0,3278.0,8126.0,51.0,455.0,886.0,50.0,2.0
2014.0,PROVINSI DKI JAKARTA,JAKARTA PUSAT,JOHAR BARU,TANAH TINGGI,7812.0,4030.0,7556.0,7436.0,14725.0,86.0,771.0,2437.0,99.0,6.0
2014.0,PROVINSI DKI JAKARTA,JAKARTA UTARA,PENJARINGAN,PENJARINGAN,18794.0,11505.0,14770.0,23548.0,35512.0,179.0,984.0,2747.0,117.0,7.0
2014.0,PROVINSI DKI JAKARTA,JAKARTA UTARA,PENJARINGAN,KAMAL MUARA,2139.0,1449.0,2468.0,2039.0,2845.0,31.0,165.0,1225.0,108.0,3.0
2014.0,PROVINSI DKI JAKARTA,JAKARTA UTARA,PENJARINGAN,KAPUK MUARA,5349.0,3632.0,4363.0,5118.0,10807.0,64.0,605.0,4013.0,229.0,7.0
2014.0,PROVINSI DKI JAKARTA,JAKARTA UTARA,PENJARINGAN,PEJAGALAN,12839.0,8510.0,9665.0,15475.0,38412.0,108.0,747.0,4414.0,132.0,10.0
2014.0,PROVINSI DKI JAKARTA,JAKARTA UTARA,PENJARINGAN,PLUIT,5736.0,4513.0,3679.0,5738.0,16920.0,121.0,1525.0,10377.0,854.0,53.0
2014.0,PROVINSI DKI JAKARTA,JAKARTA UTARA,TANJUNG PRIOK,TANJUNG PRIOK,7250.0,3792.0,5054.0,7272.0,15349.0,110.0,799.0,1222.0,57.0,
2014.0,PROVINSI DKI JAKARTA,JAKARTA UTARA,TANJUNG PRIOK,SUNTER JAYA,10665.0,6006.0,6780.0,8125.0,26827.0,254.0,2337.0,6884.0,529.0,40.0
2014.0,PROVINSI DKI JAKARTA,JAKARTA UTARA,TANJUNG PRIOK,PAPANGGO,7205.0,4818.0,5419.0,6360.0,17022.0,121.0,1104.0,2466.0,140.0,4.0
2014.0,PROVINSI DKI JAKARTA,JAKARTA UTARA,TANJUNG PRIOK,SUNGAI BAMBU,5823.0,3603.0,3237.0,4573.0,14515.0,123.0,1294.0,2172.0,120.0,7.0
2014.0,PROVINSI DKI JAKARTA,JAKARTA UTARA,TANJUNG PRIOK,KEBON BAWANG,10394.0,5968.0,4658.0,7377.0,25625.0,295.0,2732.0,3936.0,200.0,11.0
2014.0,PROVINSI DKI JAKARTA,JAKARTA UTARA,TANJUNG PRIOK,SUNTER AGUNG,12067.0,7555.0,5483.0,10139.0,31980.0,268.0,2525.0,9872.0,682.0,42.0
2014.0,PROVINSI DKI JAKARTA,JAKARTA UTARA,TANJUNG PRIOK,WARAKAS,8634.0,5033.0,5101.0,7924.0,21448.0,149.0,1485.0,2116.0,93.0,2.0
2014.0,PROVINSI DKI JAKARTA,JAKARTA UTARA,KOJA,KOJA,5981.0,2423.0,5154.0,5596.0,13348.0,117.0,793.0,1125.0,37.0,4.0
2014.0,PROVINSI DKI JAKARTA,JAKARTA UTARA,KOJA,TUGU UTARA,15087.0,5532.0,9173.0,13193.0,29201.0,264.0,2186.0,4552.0,235.0,27.0
2014.0,PROVINSI DKI JAKARTA,JAKARTA UTARA,KOJA,LAGOA,12035.0,6045.0,10367.0,11266.0,24199.0,183.0,1632.0,2603.0,94.0,3.0
2014.0,PROVINSI DKI JAKARTA,JAKARTA UTARA,KOJA,RAWA BADAK UTARA,6724.0,4248.0,5389.0,5979.0,14398.0,129.0,1216.0,2319.0,143.0,7.0
2014.0,PROVINSI DKI JAKARTA,JAKARTA UTARA,KOJA,TUGU SELATAN,7462.0,4117.0,4262.0,5832.0,17170.0,107.0,853.0,1994.0,112.0,3.0
2014.0,PROVINSI DKI JAKARTA,JAKARTA UTARA,KOJA,RAWA BADAK SELATAN,8555.0,4400.0,4783.0,6954.0,17220.0,134.0,1038.0,1993.0,93.0,3.0
2014.0,PROVINSI DKI JAKARTA,JAKARTA UTARA,CILINCING,CILINCING,9769.0,3997.0,6441.0,9172.0,18990.0,81.0,813.0,1709.0,80.0,4.0
2014.0,PROVINSI DKI JAKARTA,JAKARTA UTARA,CILINCING,SUKAPURA,11534.0,6557.0,5392.0,11396.0,22814.0,178.0,1261.0,3489.0,267.0,12.0
2014.0,PROVINSI DKI JAKARTA,JAKARTA UTARA,CILINCING,MARUNDA,4937.0,2665.0,5398.0,4584.0,8050.0,57.0,403.0,713.0,52.0,1.0
2014.0,PROVINSI DKI JAKARTA,JAKARTA UTARA,CILINCING,KALI BARU,15377.0,7983.0,19294.0,18230.0,20132.0,105.0,546.0,1083.0,30.0,1.0
2014.0,PROVINSI DKI JAKARTA,JAKARTA UTARA,CILINCING,SEMPER TIMUR,6935.0,3652.0,4581.0,5447.0,15818.0,137.0,1240.0,2192.0,104.0,3.0
2014.0,PROVINSI DKI JAKARTA,JAKARTA UTARA,CILINCING,ROROTAN,7421.0,4306.0,5013.0,6736.0,13512.0,150.0,823.0,1933.0,77.0,5.0
2014.0,PROVINSI DKI JAKARTA,JAKARTA UTARA,CILINCING,SEMPER BARAT,13893.0,6201.0,9948.0,11823.0,30606.0,137.0,1922.0,3878.0,153.0,8.0
2014.0,PROVINSI DKI JAKARTA,JAKARTA UTARA,PADEMANGAN,PADEMANGAN TIMUR,6504.0,3394.0,3793.0,6347.0,17704.0,99.0,931.0,2933.0,118.0,3.0
2014.0,PROVINSI DKI JAKARTA,JAKARTA UTARA,PADEMANGAN,PADEMANGAN BARAT,15177.0,7736.0,11009.0,16115.0,35018.0,123.0,1030.0,2473.0,101.0,5.0
2014.0,PROVINSI DKI JAKARTA,JAKARTA UTARA,PADEMANGAN,ANCOL,5015.0,2520.0,3452.0,4964.0,9637.0,75.0,426.0,1592.0,176.0,5.0
2014.0,PROVINSI DKI JAKARTA,JAKARTA UTARA,KELAPA GADING,KELAPA GADING TIMUR,4723.0,2854.0,1208.0,2659.0,12176.0,238.0,2524.0,10388.0,1176.0,75.0
2014.0,PROVINSI DKI JAKARTA,JAKARTA UTARA,KELAPA GADING,PEGANGSAAN DUA,6864.0,4685.0,3852.0,6114.0,17387.0,182.0,2650.0,9886.0,973.0,50.0
2014.0,PROVINSI DKI JAKARTA,JAKARTA UTARA,KELAPA GADING,KELAPA GADING BARAT,5756.0,3772.0,2315.0,3692.0,12356.0,195.0,2444.0,7878.0,961.0,73.0
2014.0,PROVINSI DKI JAKARTA,JAKARTA BARAT,CENGKARENG,CENGKARENG BARAT,12108.0,4941.0,10054.0,8472.0,27075.0,224.0,1630.0,6351.0,255.0,5.0
2014.0,PROVINSI DKI JAKARTA,JAKARTA BARAT,CENGKARENG,DURI KOSAMBI,13730.0,7583.0,8363.0,10002.0,31986.0,342.0,1909.0,5998.0,288.0,10.0
2014.0,PROVINSI DKI JAKARTA,JAKARTA BARAT,CENGKARENG,RAWA BUAYA,11718.0,6284.0,7858.0,12273.0,25662.0,179.0,1512.0,3996.0,184.0,7.0
2014.0,PROVINSI DKI JAKARTA,JAKARTA BARAT,CENGKARENG,KEDAUNG KALI ANGKE,5444.0,2901.0,5817.0,6185.0,13447.0,82.0,478.0,1513.0,70.0,4.0
2014.0,PROVINSI DKI JAKARTA,JAKARTA BARAT,CENGKARENG,KAPUK,27274.0,12994.0,24132.0,31421.0,48710.0,263.0,1315.0,4148.0,138.0,8.0
2014.0,PROVINSI DKI JAKARTA,JAKARTA BARAT,CENGKARENG,CENGKARENG TIMUR,16195.0,7304.0,11549.0,14062.0,32150.0,288.0,1418.0,4185.0,157.0,9.0
2014.0,PROVINSI DKI JAKARTA,JAKARTA BARAT,GROGOL PETAMBURAN,GROGOL,2810.0,1839.0,1711.0,2415.0,7493.0,82.0,796.0,3101.0,201.0,11.0
2014.0,PROVINSI DKI JAKARTA,JAKARTA BARAT,GROGOL PETAMBURAN,TANJUNG DUREN UTARA,2444.0,2015.0,1224.0,2094.0,6322.0,103.0,886.0,4491.0,251.0,12.0
2014.0,PROVINSI DKI JAKARTA,JAKARTA BARAT,GROGOL PETAMBURAN,TOMANG,4881.0,3103.0,2549.0,4074.0,12125.0,148.0,1464.0,5086.0,532.0,43.0
2014.0,PROVINSI DKI JAKARTA,JAKARTA BARAT,GROGOL PETAMBURAN,JELAMBAR,4827.0,2832.0,2892.0,3820.0,13602.0,126.0,1456.0,5091.0,363.0,19.0
2014.0,PROVINSI DKI JAKARTA,JAKARTA BARAT,GROGOL PETAMBURAN,TANJUNG DUREN SELATAN,4204.0,2379.0,1884.0,2782.0,8589.0,82.0,1076.0,6334.0,486.0,30.0
2014.0,PROVINSI DKI JAKARTA,JAKARTA BARAT,GROGOL PETAMBURAN,JELAMBAR BARU,6325.0,3947.0,3578.0,6830.0,18766.0,73.0,845.0,3663.0,111.0,7.0
2014.0,PROVINSI DKI JAKARTA,JAKARTA BARAT,GROGOL PETAMBURAN,WIJAYA KUSUMA,6882.0,4151.0,5469.0,7375.0,14957.0,159.0,1149.0,4440.0,275.0,8.0
2014.0,PROVINSI DKI JAKARTA,JAKARTA BARAT,TAMAN SARI,TAMAN SARI,2357.0,1588.0,1613.0,2918.0,6823.0,34.0,359.0,1813.0,74.0,5.0
2014.0,PROVINSI DKI JAKARTA,JAKARTA BARAT,TAMAN SARI,KRUKUT,3258.0,2246.0,2301.0,3906.0,8176.0,59.0,412.0,1569.0,64.0,3.0
2014.0,PROVINSI DKI JAKARTA,JAKARTA BARAT,TAMAN SARI,MAPHAR,2721.0,1855.0,2305.0,3475.0,7592.0,24.0,673.0,1435.0,80.0,8.0
2014.0,PROVINSI DKI JAKARTA,JAKARTA BARAT,TAMAN SARI,TANGKI,2092.0,1324.0,1591.0,2858.0,5854.0,22.0,218.0,988.0,47.0,3.0
2014.0,PROVINSI DKI JAKARTA,JAKARTA BARAT,TAMAN SARI,MANGGA BESAR,965.0,828.0,831.0,1495.0,3468.0,11.0,241.0,1024.0,47.0,3.0
2014.0,PROVINSI DKI JAKARTA,JAKARTA BARAT,TAMAN SARI,KEAGUNGAN,3022.0,1843.0,2376.0,3383.0,8084.0,90.0,408.0,1084.0,47.0,4.0
2014.0,PROVINSI DKI JAKARTA,JAKARTA BARAT,TAMAN SARI,GLODOK,898.0,457.0,893.0,1507.0,3781.0,24.0,266.0,1174.0,46.0,5.0
2014.0,PROVINSI DKI JAKARTA,JAKARTA BARAT,TAMAN SARI,PINANGSIA,1882.0,979.0,1554.0,2513.0,4634.0,38.0,266.0,930.0,44.0,2.0
2014.0,PROVINSI DKI JAKARTA,JAKARTA BARAT,TAMBORA,TAMBORA,1793.0,1173.0,1893.0,2287.0,4091.0,21.0,194.0,930.0,27.0,1.0
2014.0,PROVINSI DKI JAKARTA,JAKARTA BARAT,TAMBORA,KALI ANYAR,4510.0,3175.0,3949.0,5733.0,10460.0,30.0,236.0,642.0,18.0,
2014.0,PROVINSI DKI JAKARTA,JAKARTA BARAT,TAMBORA,DURI UTARA,3827.0,2394.0,3898.0,4630.0,8220.0,44.0,283.0,1027.0,35.0,2.0
2014.0,PROVINSI DKI JAKARTA,JAKARTA BARAT,TAMBORA,TANAH SEREAL,4462.0,2639.0,4378.0,5185.0,11044.0,148.0,547.0,2077.0,98.0,3.0
2014.0,PROVINSI DKI JAKARTA,JAKARTA BARAT,TAMBORA,KERENDANG,3583.0,2181.0,4173.0,4762.0,7057.0,49.0,212.0,820.0,25.0,1.0
2014.0,PROVINSI DKI JAKARTA,JAKARTA BARAT,TAMBORA,JEMBATAN BESI,6066.0,2644.0,5329.0,8461.0,12167.0,61.0,240.0,703.0,21.0,2.0
2014.0,PROVINSI DKI JAKARTA,JAKARTA BARAT,TAMBORA,ANGKE,5368.0,3657.0,5070.0,7255.0,12049.0,73.0,361.0,1858.0,37.0,4.0
2014.0,PROVINSI DKI JAKARTA,JAKARTA BARAT,TAMBORA,JEMBATAN LIMA,3447.0,2664.0,3425.0,4727.0,8668.0,53.0,388.0,1402.0,49.0,3.0
2014.0,PROVINSI DKI JAKARTA,JAKARTA BARAT,TAMBORA,PEKOJAN,3590.0,2540.0,3076.0,4746.0,10853.0,88.0,609.0,1845.0,93.0,6.0
2014.0,PROVINSI DKI JAKARTA,JAKARTA BARAT,TAMBORA,ROA MALAKA,431.0,377.0,306.0,605.0,1773.0,13.0,150.0,548.0,29.0,4.0
2014.0,PROVINSI DKI JAKARTA,JAKARTA BARAT,TAMBORA,DURI SELATAN,2465.0,1489.0,2414.0,3017.0,6132.0,57.0,336.0,1020.0,37.0,1.0
2014.0,PROVINSI DKI JAKARTA,JAKARTA BARAT,KEBON JERUK,KEBON JERUK,9098.0,6355.0,5167.0,6244.0,19374.0,422.0,2026.0,6845.0,724.0,32.0
2014.0,PROVINSI DKI JAKARTA,JAKARTA BARAT,KEBON JERUK,SUKABUMI UTARA,6912.0,4076.0,4270.0,4429.0,16924.0,203.0,1407.0,4435.0,251.0,13.0
2014.0,PROVINSI DKI JAKARTA,JAKARTA BARAT,KEBON JERUK,SUKABUMI SELATAN,7189.0,3391.0,4144.0,5175.0,15927.0,106.0,1020.0,3746.0,245.0,11.0
2014.0,PROVINSI DKI JAKARTA,JAKARTA BARAT,KEBON JERUK,KELAPA DUA,4179.0,2635.0,2149.0,2284.0,9491.0,156.0,956.0,3631.0,329.0,11.0
2014.0,PROVINSI DKI JAKARTA,JAKARTA BARAT,KEBON JERUK,DURI KEPA,9997.0,4662.0,8554.0,8561.0,21372.0,200.0,1972.0,10213.0,583.0,22.0
2014.0,PROVINSI DKI JAKARTA,JAKARTA BARAT,KEBON JERUK,KEDOYA UTARA,8323.0,3023.0,5955.0,6254.0,17538.0,156.0,1275.0,6617.0,416.0,24.0
2014.0,PROVINSI DKI JAKARTA,JAKARTA BARAT,KEBON JERUK,KEDOYA SELATAN,5717.0,2701.0,4105.0,4395.0,11517.0,146.0,958.0,4780.0,437.0,24.0
2014.0,PROVINSI DKI JAKARTA,JAKARTA BARAT,KALI DERES,KALIDERES,13399.0,7859.0,8344.0,10351.0,29851.0,375.0,1721.0,5716.0,269.0,11.0
2014.0,PROVINSI DKI JAKARTA,JAKARTA BARAT,KALI DERES,SEMANAN,15131.0,5503.0,12921.0,13643.0,25988.0,198.0,852.0,2894.0,116.0,12.0
2014.0,PROVINSI DKI JAKARTA,JAKARTA BARAT,KALI DERES,TEGAL ALUR,17164.0,9339.0,14773.0,16357.0,30981.0,220.0,1108.0,3754.0,128.0,5.0
2014.0,PROVINSI DKI JAKARTA,JAKARTA BARAT,KALI DERES,KAMAL,10665.0,5851.0,11782.0,10874.0,13620.0,118.0,307.0,1275.0,41.0,5.0
2014.0,PROVINSI DKI JAKARTA,JAKARTA BARAT,KALI DERES,PEGADUNGAN,12960.0,7314.0,10644.0,10963.0,25799.0,214.0,1733.0,7062.0,289.0,13.0
2014.0,PROVINSI DKI JAKARTA,JAKARTA BARAT,PALMERAH,PALMERAH,10975.0,7495.0,6042.0,8127.0,28475.0,315.0,1991.0,6620.0,579.0,31.0
2014.0,PROVINSI DKI JAKARTA,JAKARTA BARAT,PALMERAH,SLIPI,2914.0,1856.0,1400.0,2114.0,7907.0,86.0,683.0,2027.0,119.0,4.0
2014.0,PROVINSI DKI JAKARTA,JAKARTA BARAT,PALMERAH,KOTA BAMBU UTARA,5408.0,2456.0,3305.0,3817.0,11597.0,89.0,517.0,1767.0,101.0,8.0
2014.0,PROVINSI DKI JAKARTA,JAKARTA BARAT,PALMERAH,JATI PULO,5047.0,3271.0,4986.0,4594.0,11356.0,118.0,838.0,2800.0,281.0,16.0
2014.0,PROVINSI DKI JAKARTA,JAKARTA BARAT,PALMERAH,KEMANGGISAN,5679.0,3720.0,3603.0,4480.0,12061.0,254.0,1752.0,5455.0,809.0,67.0
2014.0,PROVINSI DKI JAKARTA,JAKARTA BARAT,PALMERAH,KOTA BAMBU SELATAN,4037.0,2009.0,3679.0,2986.0,10052.0,92.0,570.0,1281.0,55.0,3.0
2014.0,PROVINSI DKI JAKARTA,JAKARTA BARAT,KEMBANGAN,KEMBANGAN UTARA,9917.0,5922.0,7907.0,8775.0,18866.0,147.0,1234.0,5445.0,430.0,22.0
2014.0,PROVINSI DKI JAKARTA,JAKARTA BARAT,KEMBANGAN,MERUYA UTARA,7006.0,4277.0,3755.0,4905.0,15568.0,158.0,1617.0,7634.0,761.0,49.0
2014.0,PROVINSI DKI JAKARTA,JAKARTA BARAT,KEMBANGAN,MERUYA SELATAN,5878.0,2932.0,3208.0,3011.0,10655.0,139.0,1091.0,3946.0,457.0,15.0
2014.0,PROVINSI DKI JAKARTA,JAKARTA BARAT,KEMBANGAN,SRENGSENG,7678.0,4016.0,4798.0,5099.0,16655.0,154.0,1410.0,5949.0,643.0,30.0
2014.0,PROVINSI DKI JAKARTA,JAKARTA BARAT,KEMBANGAN,JOGLO,7224.0,3962.0,4152.0,4433.0,14721.0,200.0,1606.0,5582.0,572.0,40.0
2014.0,PROVINSI DKI JAKARTA,JAKARTA BARAT,KEMBANGAN,KEMBANGAN SELATAN,3871.0,2600.0,2886.0,2797.0,8935.0,117.0,815.0,4569.0,481.0,28.0
2014.0,PROVINSI DKI JAKARTA,JAKARTA SELATAN,TEBET,TEBET TIMUR,2452.0,1861.0,883.0,1494.0,5946.0,115.0,1630.0,5166.0,774.0,54.0
2014.0,PROVINSI DKI JAKARTA,JAKARTA SELATAN,TEBET,TEBET BARAT,2830.0,2170.0,1537.0,2030.0,7140.0,126.0,1613.0,5806.0,805.0,59.0
2014.0,PROVINSI DKI JAKARTA,JAKARTA SELATAN,TEBET,MENTENG DALAM,6447.0,4402.0,3441.0,4473.0,14897.0,230.0,1827.0,5318.0,715.0,53.0
2014.0,PROVINSI DKI JAKARTA,JAKARTA SELATAN,TEBET,KEBON BARU,6288.0,4241.0,3843.0,4549.0,14733.0,197.0,1840.0,4757.0,443.0,23.0
2014.0,PROVINSI DKI JAKARTA,JAKARTA SELATAN,TEBET,BUKIT DURI,6424.0,3285.0,5080.0,4880.0,16550.0,200.0,1660.0,3505.0,255.0,16.0
2014.0,PROVINSI DKI JAKARTA,JAKARTA SELATAN,TEBET,MANGGARAI SELATAN,4331.0,1771.0,3175.0,2785.0,10723.0,164.0,1232.0,2352.0,205.0,16.0
2014.0,PROVINSI DKI JAKARTA,JAKARTA SELATAN,TEBET,MANGGARAI,5436.0,3306.0,3772.0,4323.0,13936.0,144.0,1034.0,1899.0,94.0,6.0
2014.0,PROVINSI DKI JAKARTA,JAKARTA SELATAN,SETIA BUDI,SETIA BUDI,517.0,253.0,289.0,410.0,1029.0,19.0,226.0,809.0,87.0,6.0
2014.0,PROVINSI DKI JAKARTA,JAKARTA SELATAN,SETIA BUDI,KARET SEMANGGI,371.0,241.0,186.0,356.0,1014.0,7.0,113.0,504.0,42.0,6.0
2014.0,PROVINSI DKI JAKARTA,JAKARTA SELATAN,SETIA BUDI,KARET KUNINGAN,2523.0,1654.0,2192.0,2298.0,6827.0,71.0,478.0,1781.0,100.0,5.0
2014.0,PROVINSI DKI JAKARTA,JAKARTA SELATAN,SETIA BUDI,KARET,1683.0,1307.0,949.0,1213.0,4243.0,95.0,726.0,1696.0,123.0,10.0
2014.0,PROVINSI DKI JAKARTA,JAKARTA SELATAN,SETIA BUDI,MENTENG ATAS,5147.0,3166.0,2513.0,3623.0,12094.0,183.0,1487.0,3471.0,404.0,31.0
2014.0,PROVINSI DKI JAKARTA,JAKARTA SELATAN,SETIA BUDI,PASAR MANGGIS,4922.0,2890.0,2699.0,4187.0,12574.0,106.0,1163.0,2493.0,173.0,11.0
2014.0,PROVINSI DKI JAKARTA,JAKARTA SELATAN,SETIA BUDI,GUNTUR,503.0,386.0,364.0,463.0,1468.0,21.0,239.0,1085.0,139.0,11.0
2014.0,PROVINSI DKI JAKARTA,JAKARTA SELATAN,SETIA BUDI,KUNINGAN TIMUR,901.0,756.0,723.0,753.0,2388.0,26.0,182.0,1053.0,132.0,20.0
2014.0,PROVINSI DKI JAKARTA,JAKARTA SELATAN,MAMPANG PRAPATAN,MAMPANG PRAPATAN,3466.0,1702.0,2540.0,1949.0,8529.0,102.0,832.0,2098.0,135.0,11.0
2014.0,PROVINSI DKI JAKARTA,JAKARTA SELATAN,MAMPANG PRAPATAN,BANGKA,3700.0,2572.0,2948.0,2906.0,8299.0,113.0,748.0,2532.0,385.0,39.0
2014.0,PROVINSI DKI JAKARTA,JAKARTA SELATAN,MAMPANG PRAPATAN,PELA MAMPANG,7571.0,5442.0,5326.0,5505.0,18466.0,272.0,2142.0,5271.0,662.0,46.0
2014.0,PROVINSI DKI JAKARTA,JAKARTA SELATAN,MAMPANG PRAPATAN,TEGAL PARANG,6210.0,3486.0,3583.0,4314.0,14026.0,166.0,1208.0,3282.0,265.0,15.0
2014.0,PROVINSI DKI JAKARTA,JAKARTA SELATAN,MAMPANG PRAPATAN,KUNINGAN BARAT,2445.0,1374.0,1829.0,1861.0,5934.0,62.0,384.0,758.0,53.0,7.0
2014.0,PROVINSI DKI JAKARTA,JAKARTA SELATAN,PASAR MINGGU,PASAR MINGGU,4034.0,2321.0,2571.0,2428.0,8321.0,143.0,1636.0,5909.0,775.0,69.0
2014.0,PROVINSI DKI JAKARTA,JAKARTA SELATAN,PASAR MINGGU,JATI PADANG,6794.0,3599.0,3788.0,4078.0,14330.0,242.0,1935.0,5898.0,653.0,57.0
2014.0,PROVINSI DKI JAKARTA,JAKARTA SELATAN,PASAR MINGGU,CILANDAK TIMUR,4744.0,2711.0,1858.0,3001.0,10942.0,109.0,1053.0,2834.0,284.0,31.0
2014.0,PROVINSI DKI JAKARTA,JAKARTA SELATAN,PASAR MINGGU,RAGUNAN,7275.0,4040.0,4050.0,4292.0,16049.0,207.0,2198.0,5412.0,564.0,42.0
2014.0,PROVINSI DKI JAKARTA,JAKARTA SELATAN,PASAR MINGGU,PEJATEN TIMUR,11094.0,6763.0,5647.0,7303.0,24135.0,267.0,2377.0,7035.0,574.0,30.0
2014.0,PROVINSI DKI JAKARTA,JAKARTA SELATAN,PASAR MINGGU,PEJATEN BARAT,6521.0,3221.0,4426.0,4209.0,13776.0,138.0,1741.0,6282.0,854.0,62.0
2014.0,PROVINSI DKI JAKARTA,JAKARTA SELATAN,PASAR MINGGU,KEBAGUSAN,8637.0,4581.0,4496.0,4136.0,18958.0,228.0,1568.0,4029.0,409.0,20.0
2014.0,PROVINSI DKI JAKARTA,JAKARTA SELATAN,KEBAYORAN LAMA,KEBAYORAN LAMA UTARA,7575.0,4841.0,4489.0,6182.0,18108.0,208.0,1907.0,5373.0,576.0,43.0
2014.0,PROVINSI DKI JAKARTA,JAKARTA SELATAN,KEBAYORAN LAMA,PONDOK PINANG,9432.0,5348.0,4870.0,5802.0,21216.0,266.0,2574.0,11241.0,1375.0,131.0
2014.0,PROVINSI DKI JAKARTA,JAKARTA SELATAN,KEBAYORAN LAMA,CIPULIR,6920.0,4275.0,4260.0,5036.0,17287.0,188.0,1360.0,3943.0,227.0,15.0
2014.0,PROVINSI DKI JAKARTA,JAKARTA SELATAN,KEBAYORAN LAMA,GROGOL UTARA,7660.0,4135.0,5929.0,5449.0,17556.0,198.0,1436.0,4971.0,450.0,25.0
2014.0,PROVINSI DKI JAKARTA,JAKARTA SELATAN,KEBAYORAN LAMA,GROGOL SELATAN,7768.0,4369.0,5876.0,6459.0,16792.0,210.0,1638.0,5168.0,612.0,47.0
2014.0,PROVINSI DKI JAKARTA,JAKARTA SELATAN,KEBAYORAN LAMA,KEBAYORAN LAMA SELATAN,7053.0,4381.0,4092.0,4913.0,17796.0,246.0,1971.0,4783.0,486.0,26.0
2014.0,PROVINSI DKI JAKARTA,JAKARTA SELATAN,CILANDAK,CILANDAK BARAT,8130.0,6142.0,4521.0,6267.0,20087.0,357.0,3104.0,8470.0,1315.0,108.0
2014.0,PROVINSI DKI JAKARTA,JAKARTA SELATAN,CILANDAK,LEBAK BULUS,6304.0,3172.0,3680.0,3846.0,12457.0,216.0,1888.0,7243.0,958.0,92.0
2014.0,PROVINSI DKI JAKARTA,JAKARTA SELATAN,CILANDAK,PONDOK LABU,8563.0,4536.0,4511.0,5422.0,15761.0,361.0,2861.0,6548.0,887.0,76.0
2014.0,PROVINSI DKI JAKARTA,JAKARTA SELATAN,CILANDAK,GANDARIA SELATAN,3774.0,1915.0,2511.0,2833.0,8560.0,123.0,1117.0,3230.0,342.0,18.0
2014.0,PROVINSI DKI JAKARTA,JAKARTA SELATAN,CILANDAK,CIPETE SELATAN,4182.0,3504.0,2290.0,3535.0,9689.0,126.0,1335.0,5044.0,563.0,43.0
2014.0,PROVINSI DKI JAKARTA,JAKARTA SELATAN,KEBAYORAN BARU,MELAWAI,290.0,222.0,116.0,173.0,744.0,13.0,168.0,1218.0,253.0,21.0
2014.0,PROVINSI DKI JAKARTA,JAKARTA SELATAN,KEBAYORAN BARU,GUNUNG,1378.0,941.0,758.0,1054.0,3299.0,56.0,588.0,2020.0,478.0,43.0
2014.0,PROVINSI DKI JAKARTA,JAKARTA SELATAN,KEBAYORAN BARU,KRAMAT PELA,2155.0,1607.0,1306.0,1839.0,5265.0,86.0,790.0,2456.0,464.0,39.0
2014.0,PROVINSI DKI JAKARTA,JAKARTA SELATAN,KEBAYORAN BARU,SELONG,420.0,339.0,252.0,345.0,965.0,33.0,300.0,1059.0,260.0,28.0
2014.0,PROVINSI DKI JAKARTA,JAKARTA SELATAN,KEBAYORAN BARU,RAWA BARAT,735.0,609.0,351.0,507.0,1908.0,35.0,477.0,1582.0,337.0,22.0
2014.0,PROVINSI DKI JAKARTA,JAKARTA SELATAN,KEBAYORAN BARU,SENAYAN,500.0,447.0,259.0,339.0,1342.0,49.0,294.0,791.0,160.0,19.0
2014.0,PROVINSI DKI JAKARTA,JAKARTA SELATAN,KEBAYORAN BARU,PULO,774.0,663.0,264.0,565.0,2049.0,34.0,534.0,1791.0,295.0,22.0
2014.0,PROVINSI DKI JAKARTA,JAKARTA SELATAN,KEBAYORAN BARU,PETOGOGAN,1954.0,1402.0,922.0,1504.0,4975.0,63.0,644.0,1916.0,274.0,21.0
2014.0,PROVINSI DKI JAKARTA,JAKARTA SELATAN,KEBAYORAN BARU,GANDARIA UTARA,6563.0,4034.0,3585.0,4593.0,17636.0,224.0,2487.0,5473.0,511.0,49.0
2014.0,PROVINSI DKI JAKARTA,JAKARTA SELATAN,KEBAYORAN BARU,CIPETE UTARA,6329.0,4031.0,3578.0,4863.0,13736.0,170.0,1415.0,3386.0,373.0,38.0
2014.0,PROVINSI DKI JAKARTA,JAKARTA SELATAN,PANCORAN,PANCORAN,3411.0,2373.0,1470.0,2578.0,7453.0,137.0,909.0,2352.0,242.0,14.0
2014.0,PROVINSI DKI JAKARTA,JAKARTA SELATAN,PANCORAN,KALIBATA,7865.0,4313.0,4173.0,4745.0,18252.0,248.0,1939.0,4984.0,515.0,34.0
2014.0,PROVINSI DKI JAKARTA,JAKARTA SELATAN,PANCORAN,RAWA JATI,2982.0,1728.0,1588.0,2075.0,7224.0,104.0,937.0,3149.0,446.0,32.0
2014.0,PROVINSI DKI JAKARTA,JAKARTA SELATAN,PANCORAN,DUREN TIGA,5081.0,2784.0,3242.0,3507.0,11140.0,177.0,1312.0,4093.0,529.0,44.0
2014.0,PROVINSI DKI JAKARTA,JAKARTA SELATAN,PANCORAN,PENGADEGAN,3591.0,1998.0,2024.0,2508.0,8095.0,125.0,951.0,2981.0,353.0,23.0
2014.0,PROVINSI DKI JAKARTA,JAKARTA SELATAN,PANCORAN,CIKOKO,1971.0,1098.0,1007.0,1329.0,4699.0,72.0,527.0,1557.0,100.0,6.0
2014.0,PROVINSI DKI JAKARTA,JAKARTA SELATAN,JAGAKARSA,JAGAKARSA,10611.0,6510.0,5447.0,6770.0,23473.0,273.0,2454.0,6383.0,602.0,38.0
2014.0,PROVINSI DKI JAKARTA,JAKARTA SELATAN,JAGAKARSA,SRENGSENG SAWAH,10221.0,6753.0,4774.0,6832.0,23258.0,438.0,2819.0,5735.0,478.0,38.0
2014.0,PROVINSI DKI JAKARTA,JAKARTA SELATAN,JAGAKARSA,CIGANJUR,6216.0,4142.0,3323.0,4447.0,13712.0,187.0,1541.0,3895.0,331.0,16.0
2014.0,PROVINSI DKI JAKARTA,JAKARTA SELATAN,JAGAKARSA,LENTENG AGUNG,10028.0,3446.0,7519.0,6514.0,22372.0,275.0,2133.0,4374.0,363.0,20.0
2014.0,PROVINSI DKI JAKARTA,JAKARTA SELATAN,JAGAKARSA,TANJUNG BARAT,7236.0,4519.0,3283.0,4219.0,14765.0,201.0,1737.0,5534.0,736.0,61.0
2014.0,PROVINSI DKI JAKARTA,JAKARTA SELATAN,JAGAKARSA,CIPEDAK,5871.0,4597.0,3023.0,3782.0,14103.0,191.0,1451.0,3359.0,259.0,14.0
2014.0,PROVINSI DKI JAKARTA,JAKARTA SELATAN,PESANGGRAHAN,PESANGGRAHAN,5233.0,2788.0,2223.0,3241.0,10924.0,138.0,1348.0,3598.0,372.0,22.0
2014.0,PROVINSI DKI JAKARTA,JAKARTA SELATAN,PESANGGRAHAN,BINTARO,8507.0,4445.0,5570.0,5943.0,19514.0,205.0,2673.0,7861.0,991.0,66.0
2014.0,PROVINSI DKI JAKARTA,JAKARTA SELATAN,PESANGGRAHAN,PETUKANGAN UTARA,9863.0,5381.0,4595.0,6307.0,22636.0,256.0,2086.0,5906.0,379.0,20.0
2014.0,PROVINSI DKI JAKARTA,JAKARTA SELATAN,PESANGGRAHAN,PETUKANGAN SELATAN,6202.0,3941.0,2603.0,4112.0,15042.0,142.0,1628.0,4434.0,438.0,34.0
2014.0,PROVINSI DKI JAKARTA,JAKARTA SELATAN,PESANGGRAHAN,ULUJAMI,7214.0,5253.0,3152.0,4703.0,18558.0,177.0,1388.0,4287.0,288.0,20.0
2014.0,PROVINSI DKI JAKARTA,JAKARTA TIMUR,MATRAMAN,PISANGAN BARU,5582.0,3789.0,4165.0,4668.0,14443.0,127.0,1436.0,2792.0,152.0,13.0
2014.0,PROVINSI DKI JAKARTA,JAKARTA TIMUR,MATRAMAN,UTAN KAYU UTARA,4465.0,3230.0,2792.0,2979.0,12980.0,134.0,1633.0,4021.0,351.0,28.0
2014.0,PROVINSI DKI JAKARTA,JAKARTA TIMUR,MATRAMAN,KAYU MANIS,4372.0,3366.0,2062.0,3025.0,12430.0,169.0,1418.0,2870.0,190.0,7.0
2014.0,PROVINSI DKI JAKARTA,JAKARTA TIMUR,MATRAMAN,PAL MERIAM,3275.0,2201.0,2006.0,2875.0,9604.0,112.0,1216.0,2235.0,168.0,18.0
2014.0,PROVINSI DKI JAKARTA,JAKARTA TIMUR,MATRAMAN,KEBON MANGGIS,2770.0,1923.0,1073.0,2033.0,8036.0,107.0,862.0,2650.0,173.0,14.0
2014.0,PROVINSI DKI JAKARTA,JAKARTA TIMUR,MATRAMAN,UTAN KAYU SELATAN,6047.0,3361.0,3035.0,4311.0,14487.0,195.0,1996.0,4565.0,315.0,16.0
2014.0,PROVINSI DKI JAKARTA,JAKARTA TIMUR,PULO GADUNG,PULO GADUNG,5919.0,3718.0,3816.0,5440.0,13957.0,122.0,1196.0,4443.0,517.0,34.0
2014.0,PROVINSI DKI JAKARTA,JAKARTA TIMUR,PULO GADUNG,PISANGAN TIMUR,7576.0,4678.0,4293.0,5739.0,18903.0,293.0,2213.0,4140.0,345.0,17.0
2014.0,PROVINSI DKI JAKARTA,JAKARTA TIMUR,PULO GADUNG,CIPINANG,7024.0,4473.0,3357.0,5364.0,18160.0,217.0,1960.0,5302.0,401.0,33.0
2014.0,PROVINSI DKI JAKARTA,JAKARTA TIMUR,PULO GADUNG,JATINEGARA KAUM,4451.0,2621.0,2452.0,3709.0,10164.0,103.0,677.0,1697.0,81.0,4.0
2014.0,PROVINSI DKI JAKARTA,JAKARTA TIMUR,PULO GADUNG,RAWAMANGUN,6723.0,2295.0,5486.0,3947.0,14861.0,223.0,2258.0,6840.0,747.0,58.0
2014.0,PROVINSI DKI JAKARTA,JAKARTA TIMUR,PULO GADUNG,KAYU PUTIH,7064.0,4131.0,4079.0,5852.0,14754.0,183.0,2393.0,8487.0,856.0,63.0
2014.0,PROVINSI DKI JAKARTA,JAKARTA TIMUR,PULO GADUNG,JATI,4654.0,2751.0,4179.0,3466.0,11722.0,168.0,2212.0,7324.0,1056.0,85.0
2014.0,PROVINSI DKI JAKARTA,JAKARTA TIMUR,JATINEGARA,KAMPUNG MELAYU,5184.0,3255.0,4380.0,4274.0,11469.0,65.0,482.0,1261.0,42.0,4.0
2014.0,PROVINSI DKI JAKARTA,JAKARTA TIMUR,JATINEGARA,BIDARA CINA,6554.0,3936.0,3997.0,5159.0,17367.0,331.0,1879.0,4359.0,302.0,36.0
2014.0,PROVINSI DKI JAKARTA,JAKARTA TIMUR,JATINEGARA,BALI MESTER,1451.0,1029.0,993.0,1450.0,4474.0,43.0,423.0,1296.0,93.0,3.0
2014.0,PROVINSI DKI JAKARTA,JAKARTA TIMUR,JATINEGARA,RAWA BUNGA,4008.0,2513.0,3188.0,3551.0,8505.0,90.0,698.0,1667.0,100.0,7.0
2014.0,PROVINSI DKI JAKARTA,JAKARTA TIMUR,JATINEGARA,CIPINANG CEMPEDAK,5592.0,3433.0,2634.0,3794.0,15189.0,162.0,1895.0,5219.0,463.0,26.0
2014.0,PROVINSI DKI JAKARTA,JAKARTA TIMUR,JATINEGARA,CIPINANG MUARA,9928.0,6076.0,5341.0,7719.0,21295.0,620.0,3250.0,8411.0,932.0,75.0
2014.0,PROVINSI DKI JAKARTA,JAKARTA TIMUR,JATINEGARA,CIPINANG BESAR SELATAN,6256.0,4258.0,4283.0,5031.0,14448.0,138.0,1344.0,3326.0,275.0,18.0
2014.0,PROVINSI DKI JAKARTA,JAKARTA TIMUR,JATINEGARA,CIPINANG BESAR UTARA,9280.0,5681.0,8812.0,8802.0,19003.0,172.0,1446.0,2833.0,162.0,8.0
2014.0,PROVINSI DKI JAKARTA,JAKARTA TIMUR,KRAMAT JATI,KRAMAT JATI,6056.0,3771.0,3809.0,4796.0,15092.0,189.0,1699.0,3241.0,177.0,7.0
2014.0,PROVINSI DKI JAKARTA,JAKARTA TIMUR,KRAMAT JATI,KAMPUNG TENGAH,8203.0,5271.0,6611.0,6140.0,16473.0,175.0,1540.0,3934.0,284.0,19.0
2014.0,PROVINSI DKI JAKARTA,JAKARTA TIMUR,KRAMAT JATI,DUKUH,4715.0,2618.0,2457.0,2881.0,9936.0,120.0,1054.0,2538.0,230.0,17.0
2014.0,PROVINSI DKI JAKARTA,JAKARTA TIMUR,KRAMAT JATI,BATU AMPAR,8391.0,5015.0,3737.0,6225.0,20015.0,256.0,2087.0,5522.0,389.0,30.0
2014.0,PROVINSI DKI JAKARTA,JAKARTA TIMUR,KRAMAT JATI,BALE KAMBANG,4977.0,2884.0,2550.0,3435.0,11952.0,108.0,1231.0,2862.0,199.0,9.0
2014.0,PROVINSI DKI JAKARTA,JAKARTA TIMUR,KRAMAT JATI,CILILITAN,7677.0,4642.0,3339.0,5315.0,19046.0,304.0,2189.0,4294.0,333.0,22.0
2014.0,PROVINSI DKI JAKARTA,JAKARTA TIMUR,KRAMAT JATI,CAWANG,6264.0,3607.0,3220.0,4315.0,16125.0,163.0,1618.0,3687.0,246.0,14.0
2014.0,PROVINSI DKI JAKARTA,JAKARTA TIMUR,PASAR REBO,GEDONG,6070.0,4036.0,2873.0,3915.0,15077.0,200.0,1832.0,4360.0,361.0,17.0
2014.0,PROVINSI DKI JAKARTA,JAKARTA TIMUR,PASAR REBO,BARU,5009.0,2653.0,1550.0,2435.0,11040.0,164.0,1221.0,2494.0,202.0,4.0
2014.0,PROVINSI DKI JAKARTA,JAKARTA TIMUR,PASAR REBO,CIJANTUNG,7928.0,4077.0,3198.0,5008.0,18058.0,227.0,1727.0,4036.0,229.0,8.0
2014.0,PROVINSI DKI JAKARTA,JAKARTA TIMUR,PASAR REBO,KALISARI,7502.0,3876.0,3828.0,4614.0,17987.0,320.0,2394.0,4884.0,377.0,18.0
2014.0,PROVINSI DKI JAKARTA,JAKARTA TIMUR,PASAR REBO,PEKAYON,8509.0,4157.0,3887.0,4903.0,19215.0,194.0,1641.0,3554.0,196.0,12.0
2014.0,PROVINSI DKI JAKARTA,JAKARTA TIMUR,CAKUNG,JATINEGARA,17392.0,9981.0,7559.0,14059.0,39625.0,176.0,1370.0,3395.0,190.0,10.0
2014.0,PROVINSI DKI JAKARTA,JAKARTA TIMUR,CAKUNG,RAWA TERATE,5514.0,3102.0,3215.0,4818.0,12540.0,43.0,460.0,780.0,22.0,3.0
2014.0,PROVINSI DKI JAKARTA,JAKARTA TIMUR,CAKUNG,PENGGILINGAN,18678.0,10216.0,9823.0,14260.0,40654.0,326.0,2576.0,7548.0,416.0,17.0
2014.0,PROVINSI DKI JAKARTA,JAKARTA TIMUR,CAKUNG,CAKUNG TIMUR,11232.0,5827.0,6727.0,10264.0,24076.0,195.0,1358.0,3048.0,154.0,4.0
2014.0,PROVINSI DKI JAKARTA,JAKARTA TIMUR,CAKUNG,PULO GEBANG,14855.0,10147.0,7972.0,13226.0,39448.0,369.0,2750.0,8460.0,560.0,26.0
2014.0,PROVINSI DKI JAKARTA,JAKARTA TIMUR,CAKUNG,UJUNG MENTENG,5352.0,2762.0,3118.0,4030.0,11676.0,131.0,1016.0,3196.0,265.0,15.0
2014.0,PROVINSI DKI JAKARTA,JAKARTA TIMUR,CAKUNG,CAKUNG BARAT,11634.0,6494.0,6476.0,11956.0,24265.0,162.0,848.0,1593.0,55.0,7.0
2014.0,PROVINSI DKI JAKARTA,JAKARTA TIMUR,DUREN SAWIT,DUREN SAWIT,9181.0,7553.0,5943.0,6923.0,20369.0,297.0,3366.0,11416.0,1459.0,89.0
2014.0,PROVINSI DKI JAKARTA,JAKARTA TIMUR,DUREN SAWIT,PONDOK BAMBU,10683.0,5641.0,7320.0,7816.0,21196.0,351.0,3399.0,9862.0,1066.0,57.0
2014.0,PROVINSI DKI JAKARTA,JAKARTA TIMUR,DUREN SAWIT,KLENDER,13440.0,7679.0,8879.0,10393.0,28058.0,288.0,2606.0,7340.0,589.0,34.0
2014.0,PROVINSI DKI JAKARTA,JAKARTA TIMUR,DUREN SAWIT,PONDOK KELAPA,10893.0,7157.0,6144.0,8113.0,22944.0,394.0,3729.0,13674.0,1821.0,89.0
2014.0,PROVINSI DKI JAKARTA,JAKARTA TIMUR,DUREN SAWIT,MALAKA SARI,5100.0,2647.0,1513.0,2403.0,11230.0,281.0,2411.0,6545.0,580.0,35.0
2014.0,PROVINSI DKI JAKARTA,JAKARTA TIMUR,DUREN SAWIT,MALAKA JAYA,5517.0,3523.0,1857.0,2834.0,13624.0,331.0,2640.0,5661.0,416.0,22.0
2014.0,PROVINSI DKI JAKARTA,JAKARTA TIMUR,DUREN SAWIT,PONDOK KOPI,6131.0,3615.0,3677.0,4243.0,13525.0,163.0,1630.0,4752.0,483.0,22.0
2014.0,PROVINSI DKI JAKARTA,JAKARTA TIMUR,MAKASAR,MAKASAR,6001.0,3781.0,3449.0,4518.0,14989.0,185.0,1757.0,3319.0,252.0,9.0
2014.0,PROVINSI DKI JAKARTA,JAKARTA TIMUR,MAKASAR,PINANG RANTI,4802.0,2656.0,2476.0,3229.0,11091.0,128.0,1067.0,2376.0,182.0,13.0
2014.0,PROVINSI DKI JAKARTA,JAKARTA TIMUR,MAKASAR,KEBON PALA,8506.0,5045.0,3918.0,5614.0,21307.0,312.0,2440.0,4842.0,307.0,11.0
2014.0,PROVINSI DKI JAKARTA,JAKARTA TIMUR,MAKASAR,HALIM PERDANA KUSUMAH,5173.0,2661.0,2452.0,2286.0,13989.0,152.0,2134.0,4309.0,437.0,9.0
2014.0,PROVINSI DKI JAKARTA,JAKARTA TIMUR,MAKASAR,CIPINANG MELAYU,7013.0,4127.0,3863.0,4733.0,18105.0,250.0,2193.0,6687.0,590.0,40.0
2014.0,PROVINSI DKI JAKARTA,JAKARTA TIMUR,CIRACAS,CIRACAS,11538.0,7294.0,5732.0,9442.0,28963.0,258.0,2019.0,4605.0,233.0,12.0
2014.0,PROVINSI DKI JAKARTA,JAKARTA TIMUR,CIRACAS,CIBUBUR,11972.0,6685.0,5641.0,7535.0,28787.0,321.0,2913.0,7131.0,574.0,46.0
2014.0,PROVINSI DKI JAKARTA,JAKARTA TIMUR,CIRACAS,KELAPA DUA WETAN,8077.0,4400.0,3290.0,5452.0,19295.0,258.0,2140.0,5306.0,377.0,18.0
2014.0,PROVINSI DKI JAKARTA,JAKARTA TIMUR,CIRACAS,SUSUKAN,6932.0,4048.0,3277.0,4962.0,17913.0,139.0,1160.0,2584.0,109.0,5.0
2014.0,PROVINSI DKI JAKARTA,JAKARTA TIMUR,CIRACAS,RAMBUTAN,7260.0,3857.0,3439.0,4308.0,16115.0,192.0,1500.0,3493.0,243.0,14.0
2014.0,PROVINSI DKI JAKARTA,JAKARTA TIMUR,CIPAYUNG,CIPAYUNG,4570.0,2854.0,2049.0,2672.0,9938.0,143.0,1020.0,2959.0,264.0,23.0
2014.0,PROVINSI DKI JAKARTA,JAKARTA TIMUR,CIPAYUNG,CILANGKAP,4706.0,3112.0,2258.0,2923.0,10795.0,122.0,884.0,2278.0,162.0,7.0
2014.0,PROVINSI DKI JAKARTA,JAKARTA TIMUR,CIPAYUNG,PONDOK RANGGON,3771.0,3468.0,2655.0,3084.0,9773.0,121.0,785.0,1576.0,114.0,3.0
2014.0,PROVINSI DKI JAKARTA,JAKARTA TIMUR,CIPAYUNG,MUNJUL,4100.0,2634.0,2762.0,3516.0,8317.0,156.0,1021.0,1989.0,146.0,9.0
2014.0,PROVINSI DKI JAKARTA,JAKARTA TIMUR,CIPAYUNG,SETU,3314.0,2155.0,2313.0,2214.0,6862.0,65.0,619.0,1875.0,185.0,16.0
2014.0,PROVINSI DKI JAKARTA,JAKARTA TIMUR,CIPAYUNG,BAMBU APUS,4684.0,2584.0,2534.0,2880.0,10005.0,107.0,864.0,2832.0,244.0,18.0
2014.0,PROVINSI DKI JAKARTA,JAKARTA TIMUR,CIPAYUNG,LUBANG BUAYA,11221.0,7363.0,5186.0,8111.0,27210.0,362.0,2163.0,5297.0,297.0,20.0
2014.0,PROVINSI DKI JAKARTA,JAKARTA TIMUR,CIPAYUNG,CEGER,3219.0,1924.0,1679.0,2110.0,7492.0,102.0,736.0,1930.0,119.0,11.0
